{
  "total_episodes": 1,
  "generations_per_episode": 20,
  "final_cumulative_gain_mean": 13.235240014269948,
  "final_cumulative_gain_std": 0.0,
  "total_genetic_gain_mean": 13.235240014269948,
  "by_generation": {
    "1": {
      "trait_mean_mean": 1.375769019126892,
      "trait_mean_std": 0.0,
      "trait_mean_min": 1.375769019126892,
      "trait_mean_max": 1.375769019126892,
      "genetic_gain_mean": 1.350848587229848,
      "genetic_gain_std": 0.0,
      "cumulative_gain_mean": 1.350848587229848,
      "cumulative_gain_std": 0.0,
      "trait_var_mean": 1.3533211946487427,
      "trait_var_std": 0.0,
      "n_replicates": 1
    },
    "2": {
      "trait_mean_mean": 2.432262659072876,
      "trait_mean_std": 0.0,
      "trait_mean_min": 2.432262659072876,
      "trait_mean_max": 2.432262659072876,
      "genetic_gain_mean": 1.0564936399459839,
      "genetic_gain_std": 0.0,
      "cumulative_gain_mean": 2.407342227175832,
      "cumulative_gain_std": 0.0,
      "trait_var_mean": 1.1008148193359375,
      "trait_var_std": 0.0,
      "n_replicates": 1
    },
    "3": {
      "trait_mean_mean": 3.31197190284729,
      "trait_mean_std": 0.0,
      "trait_mean_min": 3.31197190284729,
      "trait_mean_max": 3.31197190284729,
      "genetic_gain_mean": 0.8797092437744141,
      "genetic_gain_std": 0.0,
      "cumulative_gain_mean": 3.287051470950246,
      "cumulative_gain_std": 0.0,
      "trait_var_mean": 1.1473122835159302,
      "trait_var_std": 0.0,
      "n_replicates": 1
    },
    "4": {
      "trait_mean_mean": 4.509560585021973,
      "trait_mean_std": 0.0,
      "trait_mean_min": 4.509560585021973,
      "trait_mean_max": 4.509560585021973,
      "genetic_gain_mean": 1.1975886821746826,
      "genetic_gain_std": 0.0,
      "cumulative_gain_mean": 4.4846401531249285,
      "cumulative_gain_std": 0.0,
      "trait_var_mean": 1.2268882989883423,
      "trait_var_std": 0.0,
      "n_replicates": 1
    },
    "5": {
      "trait_mean_mean": 5.226240634918213,
      "trait_mean_std": 0.0,
      "trait_mean_min": 5.226240634918213,
      "trait_mean_max": 5.226240634918213,
      "genetic_gain_mean": 0.7166800498962402,
      "genetic_gain_std": 0.0,
      "cumulative_gain_mean": 5.201320203021169,
      "cumulative_gain_std": 0.0,
      "trait_var_mean": 0.9998518228530884,
      "trait_var_std": 0.0,
      "n_replicates": 1
    },
    "6": {
      "trait_mean_mean": 6.195982933044434,
      "trait_mean_std": 0.0,
      "trait_mean_min": 6.195982933044434,
      "trait_mean_max": 6.195982933044434,
      "genetic_gain_mean": 0.9697422981262207,
      "genetic_gain_std": 0.0,
      "cumulative_gain_mean": 6.171062501147389,
      "cumulative_gain_std": 0.0,
      "trait_var_mean": 0.829754650592804,
      "trait_var_std": 0.0,
      "n_replicates": 1
    },
    "7": {
      "trait_mean_mean": 6.8841552734375,
      "trait_mean_std": 0.0,
      "trait_mean_min": 6.8841552734375,
      "trait_mean_max": 6.8841552734375,
      "genetic_gain_mean": 0.6881723403930664,
      "genetic_gain_std": 0.0,
      "cumulative_gain_mean": 6.859234841540456,
      "cumulative_gain_std": 0.0,
      "trait_var_mean": 0.6884735822677612,
      "trait_var_std": 0.0,
      "n_replicates": 1
    },
    "8": {
      "trait_mean_mean": 7.602586269378662,
      "trait_mean_std": 0.0,
      "trait_mean_min": 7.602586269378662,
      "trait_mean_max": 7.602586269378662,
      "genetic_gain_mean": 0.7184309959411621,
      "genetic_gain_std": 0.0,
      "cumulative_gain_mean": 7.577665837481618,
      "cumulative_gain_std": 0.0,
      "trait_var_mean": 0.4451327919960022,
      "trait_var_std": 0.0,
      "n_replicates": 1
    },
    "9": {
      "trait_mean_mean": 8.312039375305176,
      "trait_mean_std": 0.0,
      "trait_mean_min": 8.312039375305176,
      "trait_mean_max": 8.312039375305176,
      "genetic_gain_mean": 0.7094531059265137,
      "genetic_gain_std": 0.0,
      "cumulative_gain_mean": 8.287118943408132,
      "cumulative_gain_std": 0.0,
      "trait_var_mean": 0.49485155940055847,
      "trait_var_std": 0.0,
      "n_replicates": 1
    },
    "10": {
      "trait_mean_mean": 8.940167427062988,
      "trait_mean_std": 0.0,
      "trait_mean_min": 8.940167427062988,
      "trait_mean_max": 8.940167427062988,
      "genetic_gain_mean": 0.6281280517578125,
      "genetic_gain_std": 0.0,
      "cumulative_gain_mean": 8.915246995165944,
      "cumulative_gain_std": 0.0,
      "trait_var_mean": 0.3741074502468109,
      "trait_var_std": 0.0,
      "n_replicates": 1
    },
    "11": {
      "trait_mean_mean": 9.41696548461914,
      "trait_mean_std": 0.0,
      "trait_mean_min": 9.41696548461914,
      "trait_mean_max": 9.41696548461914,
      "genetic_gain_mean": 0.47679805755615234,
      "genetic_gain_std": 0.0,
      "cumulative_gain_mean": 9.392045052722096,
      "cumulative_gain_std": 0.0,
      "trait_var_mean": 0.4281699061393738,
      "trait_var_std": 0.0,
      "n_replicates": 1
    },
    "12": {
      "trait_mean_mean": 10.041357040405273,
      "trait_mean_std": 0.0,
      "trait_mean_min": 10.041357040405273,
      "trait_mean_max": 10.041357040405273,
      "genetic_gain_mean": 0.6243915557861328,
      "genetic_gain_std": 0.0,
      "cumulative_gain_mean": 10.01643660850823,
      "cumulative_gain_std": 0.0,
      "trait_var_mean": 0.2831321358680725,
      "trait_var_std": 0.0,
      "n_replicates": 1
    },
    "13": {
      "trait_mean_mean": 10.555647850036621,
      "trait_mean_std": 0.0,
      "trait_mean_min": 10.555647850036621,
      "trait_mean_max": 10.555647850036621,
      "genetic_gain_mean": 0.5142908096313477,
      "genetic_gain_std": 0.0,
      "cumulative_gain_mean": 10.530727418139577,
      "cumulative_gain_std": 0.0,
      "trait_var_mean": 0.28210124373435974,
      "trait_var_std": 0.0,
      "n_replicates": 1
    },
    "14": {
      "trait_mean_mean": 10.944534301757812,
      "trait_mean_std": 0.0,
      "trait_mean_min": 10.944534301757812,
      "trait_mean_max": 10.944534301757812,
      "genetic_gain_mean": 0.3888864517211914,
      "genetic_gain_std": 0.0,
      "cumulative_gain_mean": 10.919613869860768,
      "cumulative_gain_std": 0.0,
      "trait_var_mean": 0.29432883858680725,
      "trait_var_std": 0.0,
      "n_replicates": 1
    },
    "15": {
      "trait_mean_mean": 11.37431526184082,
      "trait_mean_std": 0.0,
      "trait_mean_min": 11.37431526184082,
      "trait_mean_max": 11.37431526184082,
      "genetic_gain_mean": 0.4297809600830078,
      "genetic_gain_std": 0.0,
      "cumulative_gain_mean": 11.349394829943776,
      "cumulative_gain_std": 0.0,
      "trait_var_mean": 0.21403126418590546,
      "trait_var_std": 0.0,
      "n_replicates": 1
    },
    "16": {
      "trait_mean_mean": 11.695944786071777,
      "trait_mean_std": 0.0,
      "trait_mean_min": 11.695944786071777,
      "trait_mean_max": 11.695944786071777,
      "genetic_gain_mean": 0.32162952423095703,
      "genetic_gain_std": 0.0,
      "cumulative_gain_mean": 11.671024354174733,
      "cumulative_gain_std": 0.0,
      "trait_var_mean": 0.23208674788475037,
      "trait_var_std": 0.0,
      "n_replicates": 1
    },
    "17": {
      "trait_mean_mean": 12.15761947631836,
      "trait_mean_std": 0.0,
      "trait_mean_min": 12.15761947631836,
      "trait_mean_max": 12.15761947631836,
      "genetic_gain_mean": 0.46167469024658203,
      "genetic_gain_std": 0.0,
      "cumulative_gain_mean": 12.132699044421315,
      "cumulative_gain_std": 0.0,
      "trait_var_mean": 0.18329598009586334,
      "trait_var_std": 0.0,
      "n_replicates": 1
    },
    "18": {
      "trait_mean_mean": 12.52248764038086,
      "trait_mean_std": 0.0,
      "trait_mean_min": 12.52248764038086,
      "trait_mean_max": 12.52248764038086,
      "genetic_gain_mean": 0.3648681640625,
      "genetic_gain_std": 0.0,
      "cumulative_gain_mean": 12.497567208483815,
      "cumulative_gain_std": 0.0,
      "trait_var_mean": 0.16729551553726196,