{
  "total_episodes": 1,
  "generations_per_episode": 20,
  "final_cumulative_gain_mean": 7.970360787585378,
  "final_cumulative_gain_std": 0.0,
  "total_genetic_gain_mean": 7.970360787585378,
  "by_generation": {
    "1": {
      "trait_mean_mean": 0.6048572659492493,
      "trait_mean_std": 0.0,
      "trait_mean_min": 0.6048572659492493,
      "trait_mean_max": 0.6048572659492493,
      "genetic_gain_mean": 0.5799368340522051,
      "genetic_gain_std": 0.0,
      "cumulative_gain_mean": 0.5799368340522051,
      "cumulative_gain_std": 0.0,
      "trait_var_mean": 1.613425850868225,
      "trait_var_std": 0.0,
      "n_replicates": 1
    },
    "2": {
      "trait_mean_mean": 1.1473076343536377,
      "trait_mean_std": 0.0,
      "trait_mean_min": 1.1473076343536377,
      "trait_mean_max": 1.1473076343536377,
      "genetic_gain_mean": 0.5424503684043884,
      "genetic_gain_std": 0.0,
      "cumulative_gain_mean": 1.1223872024565935,
      "cumulative_gain_std": 0.0,
      "trait_var_mean": 1.6520380973815918,
      "trait_var_std": 0.0,
      "n_replicates": 1
    },
    "3": {
      "trait_mean_mean": 1.5497465133666992,
      "trait_mean_std": 0.0,
      "trait_mean_min": 1.5497465133666992,
      "trait_mean_max": 1.5497465133666992,
      "genetic_gain_mean": 0.4024388790130615,
      "genetic_gain_std": 0.0,
      "cumulative_gain_mean": 1.524826081469655,
      "cumulative_gain_std": 0.0,
      "trait_var_mean": 1.2152918577194214,
      "trait_var_std": 0.0,
      "n_replicates": 1
    },
    "4": {
      "trait_mean_mean": 2.0866146087646484,
      "trait_mean_std": 0.0,
      "trait_mean_min": 2.0866146087646484,
      "trait_mean_max": 2.0866146087646484,
      "genetic_gain_mean": 0.5368680953979492,
      "genetic_gain_std": 0.0,
      "cumulative_gain_mean": 2.0616941768676043,
      "cumulative_gain_std": 0.0,
      "trait_var_mean": 1.363606572151184,
      "trait_var_std": 0.0,
      "n_replicates": 1
    },
    "5": {
      "trait_mean_mean": 2.418105125427246,
      "trait_mean_std": 0.0,
      "trait_mean_min": 2.418105125427246,
      "trait_mean_max": 2.418105125427246,
      "genetic_gain_mean": 0.33149051666259766,
      "genetic_gain_std": 0.0,
      "cumulative_gain_mean": 2.393184693530202,
      "cumulative_gain_std": 0.0,
      "trait_var_mean": 1.4840120077133179,
      "trait_var_std": 0.0,
      "n_replicates": 1
    },
    "6": {
      "trait_mean_mean": 3.0089938640594482,
      "trait_mean_std": 0.0,
      "trait_mean_min": 3.0089938640594482,
      "trait_mean_max": 3.0089938640594482,
      "genetic_gain_mean": 0.5908887386322021,
      "genetic_gain_std": 0.0,
      "cumulative_gain_mean": 2.984073432162404,
      "cumulative_gain_std": 0.0,
      "trait_var_mean": 1.030564546585083,
      "trait_var_std": 0.0,
      "n_replicates": 1
    },
    "7": {
      "trait_mean_mean": 3.2019896507263184,
      "trait_mean_std": 0.0,
      "trait_mean_min": 3.2019896507263184,
      "trait_mean_max": 3.2019896507263184,
      "genetic_gain_mean": 0.19299578666687012,
      "genetic_gain_std": 0.0,
      "cumulative_gain_mean": 3.177069218829274,
      "cumulative_gain_std": 0.0,
      "trait_var_mean": 1.0273245573043823,
      "trait_var_std": 0.0,
      "n_replicates": 1
    },
    "8": {
      "trait_mean_mean": 3.492509365081787,
      "trait_mean_std": 0.0,
      "trait_mean_min": 3.492509365081787,
      "trait_mean_max": 3.492509365081787,
      "genetic_gain_mean": 0.29051971435546875,
      "genetic_gain_std": 0.0,
      "cumulative_gain_mean": 3.467588933184743,
      "cumulative_gain_std": 0.0,
      "trait_var_mean": 1.069536566734314,
      "trait_var_std": 0.0,
      "n_replicates": 1
    },
    "9": {
      "trait_mean_mean": 3.8818087577819824,
      "trait_mean_std": 0.0,
      "trait_mean_min": 3.8818087577819824,
      "trait_mean_max": 3.8818087577819824,
      "genetic_gain_mean": 0.3892993927001953,
      "genetic_gain_std": 0.0,
      "cumulative_gain_mean": 3.8568883258849382,
      "cumulative_gain_std": 0.0,
      "trait_var_mean": 0.9239640831947327,
      "trait_var_std": 0.0,
      "n_replicates": 1
    },
    "10": {
      "trait_mean_mean": 4.161728858947754,
      "trait_mean_std": 0.0,
      "trait_mean_min": 4.161728858947754,
      "trait_mean_max": 4.161728858947754,
      "genetic_gain_mean": 0.2799201011657715,
      "genetic_gain_std": 0.0,
      "cumulative_gain_mean": 4.13680842705071,
      "cumulative_gain_std": 0.0,
      "trait_var_mean": 1.0049265623092651,
      "trait_var_std": 0.0,
      "n_replicates": 1
    },
    "11": {
      "trait_mean_mean": 4.5230278968811035,
      "trait_mean_std": 0.0,
      "trait_mean_min": 4.5230278968811035,
      "trait_mean_max": 4.5230278968811035,
      "genetic_gain_mean": 0.3612990379333496,
      "genetic_gain_std": 0.0,
      "cumulative_gain_mean": 4.498107464984059,
      "cumulative_gain_std": 0.0,
      "trait_var_mean": 1.4732067584991455,
      "trait_var_std": 0.0,
      "n_replicates": 1
    },
    "12": {
      "trait_mean_mean": 5.092409133911133,
      "trait_mean_std": 0.0,
      "trait_mean_min": 5.092409133911133,
      "trait_mean_max": 5.092409133911133,
      "genetic_gain_mean": 0.5693812370300293,
      "genetic_gain_std": 0.0,
      "cumulative_gain_mean": 5.067488702014089,
      "cumulative_gain_std": 0.0,
      "trait_var_mean": 0.8928832411766052,
      "trait_var_std": 0.0,
      "n_replicates": 1
    },
    "13": {
      "trait_mean_mean": 5.472290515899658,
      "trait_mean_std": 0.0,
      "trait_mean_min": 5.472290515899658,
      "trait_mean_max": 5.472290515899658,
      "genetic_gain_mean": 0.3798813819885254,
      "genetic_gain_std": 0.0,
      "cumulative_gain_mean": 5.447370084002614,
      "cumulative_gain_std": 0.0,
      "trait_var_mean": 0.944262683391571,
      "trait_var_std": 0.0,
      "n_replicates": 1
    },
    "14": {
      "trait_mean_mean": 5.909244060516357,
      "trait_mean_std": 0.0,
      "trait_mean_min": 5.909244060516357,
      "trait_mean_max": 5.909244060516357,
      "genetic_gain_mean": 0.4369535446166992,
      "genetic_gain_std": 0.0,
      "cumulative_gain_mean": 5.884323628619313,
      "cumulative_gain_std": 0.0,
      "trait_var_mean": 0.8625795841217041,
      "trait_var_std": 0.0,
      "n_replicates": 1
    },
    "15": {
      "trait_mean_mean": 6.245880126953125,
      "trait_mean_std": 0.0,
      "trait_mean_min": 6.245880126953125,
      "trait_mean_max": 6.245880126953125,
      "genetic_gain_mean": 0.3366360664367676,
      "genetic_gain_std": 0.0,
      "cumulative_gain_mean": 6.220959695056081,
      "cumulative_gain_std": 0.0,
      "trait_var_mean": 0.8373919725418091,
      "trait_var_std": 0.0,
      "n_replicates": 1
    },
    "16": {
      "trait_mean_mean": 6.542752742767334,
      "trait_mean_std": 0.0,
      "trait_mean_min": 6.542752742767334,
      "trait_mean_max": 6.542752742767334,
      "genetic_gain_mean": 0.296872615814209,
      "genetic_gain_std": 0.0,
      "cumulative_gain_mean": 6.51783231087029,
      "cumulative_gain_std": 0.0,
      "trait_var_mean": 0.9874218702316284,
      "trait_var_std": 0.0,
      "n_replicates": 1
    },
    "17": {
      "trait_mean_mean": 6.894361972808838,
      "trait_mean_std": 0.0,
      "trait_mean_min": 6.894361972808838,
      "trait_mean_max": 6.894361972808838,
      "genetic_gain_mean": 0.3516092300415039,
      "genetic_gain_std": 0.0,
      "cumulative_gain_mean": 6.869441540911794,
      "cumulative_gain_std": 0.0,
      "trait_var_mean": 0.7906889319419861,
      "trait_var_std": 0.0,
      "n_replicates": 1
    },
    "18": {
      "trait_mean_mean": 7.267787933349609,
      "trait_mean_std": 0.0,
      "trait_mean_min": 7.267787933349609,
      "trait_mean_max": 7.267787933349609,
      "genetic_gain_mean": 0.3734259605407715,
      "genetic_gain_std": 0.0,
      "cumulative_gain_mean": 7.242867501452565,
      "cumulative_gain_std": 0.0,
      "trait_var_mean": 0.7739843726158142,